<hazelcast-client
	xsi:schemaLocation="http://www.hazelcast.com/schema/client-config hazelcast-client-config-3.5.xsd"
	xmlns="http://www.hazelcast.com/schema/client-config" xmlns:xsi="http://www.w3.org/2001/XMLSchema-instance">

	<group>
		<name>group1</name>
	</group>

	<network>
			<connection-attempt-limit>99</connection-attempt-limit>
		<cluster-members>
			<address>127.0.0.1</address>
			<!--  <address>192.168.0.102</address> -->
		</cluster-members>
		<smart-routing>true</smart-routing>
		<redo-operation>true</redo-operation>
	</network>
</hazelcast-client>